"","ID","Domain","Phylum","Class","Order","Family","Genus","Species","ACC","sintax","vsearch_pctid","vsearch_alnlen","vsearch_mism","vsearch_opens","Sequence","TAXID","SCIENTIFIC_NAME","BEST_IDENTITY","lca_name","local_pctid","global_pctid","preferred_pctid","preferred_name","database","global_v_local_lca_name"
"1","MiFish_0000221","Eukaryota","Chordata","Actinopteri","Perciformes","Serranidae","Epinephelus","Epinephelus merra","NC_022509.1","tax=d:Eukaryota,p:Chordata,c:Actinopteri,o:Perciformes,f:Serranidae,g:Epinephelus,s:Epinephelus_merra",95.9,169,7,0,"TACCGCGGTTATACGAGAGGCCCAAGTTGACAGGCTCCGGCGTAAAGCGTGGTTAAGGAACAACAAATACTAAAGCCGAACGCTTACTAGGCTGTTATACGCTTACGAAAGTAAGAAGCACATCCACGAAGGTGGCTTTACTCCACCTGAACCCACGAAAGCCAAGACA","1167616","Epinephelus bontoides",0.970414201183432,"Epinephelus merra",95.9,97,95.9,"Epinephelus","lca_global_v_local","Epinephelus"
"2","MiFish_0000306","Eukaryota","Chordata","Actinopteri","Mugiliformes","Mugilidae","Mugil","Mugil curema","KF374975.1","tax=d:Eukaryota,p:Chordata,c:Actinopteri,o:Mugiliformes,f:Mugilidae,g:Mugil,s:Mugil_curema",97.6,170,3,1,"CACCGCGGTTATACGAGAGGCCCAAGTTGATAAGCCCGGCGTAAAGAGTGGTTAGGTAACTTAATAAACTAAAGCCGAACGCCCCCAAGGCTGTTATACGTGCTCGGAGGTATGAAGCCCAACTACGAAAGTGGCTTTAACTATATCTGAACCCACGAAAGCTGTGAAA","48194","Mugil curema",0.976608187134503,"Mugil curema",97.6,97.7,97.6,"Mugil curema","lca_global_v_local","Mugil curema"
"3","MiFish_0000417","Eukaryota","Chordata","Actinopteri","Perciformes","Serranidae","Epinephelus","Epinephelus merra","NC_022509.1","tax=d:Eukaryota,p:Chordata,c:Actinopteri,o:Perciformes,f:Serranidae,g:Epinephelus,s:Epinephelus_merra",95.3,169,8,0,"CACCGCGGTTATACGAGAGGCCCAAGTTGACAGGCTCCGGCGTAAAGCGTGGTTAAGGAACAACAAATACTAAAGCCGAACGCTTACTAGGCTGTTATACGCTTACGAAAGTAAGAAGCACATCCACGAAGGTGGCTTTACTCCACCTGAACCCACGAAAGCCAAGACA","1167616","Epinephelus bontoides",0.964497041420118,"Epinephelus merra",95.3,96.4,95.3,"Epinephelus","lca_global_v_local","Epinephelus"
"4","MiFish_0000445","Eukaryota","Chordata","Actinopteri","Mugiliformes","Mugilidae","Mugil","Mugil cephalus","KF374976.1","tax=d:Eukaryota,p:Chordata,c:Actinopteri,o:Mugiliformes,f:Mugilidae,g:Mugil,s:Mugil_cephalus",98.2,171,3,0,"CACCGCGGTTATACGAAAGACCCAAGCTGATAGATGTCGGCGTAAAGAGTGGTTAAGTATCTTGATAGAACTAAAGCCGAACGCCCTCAAGACCGTTATACGTTTCCGAAGGTATGAAGCTCAACTACGAAAGTAACTTTAACTATATCTGATTCCACGAAAGCTAGGGAA","48193","Mugil cephalus",0.982558139534884,"Mugil cephalus",98.2,98.3,98.2,"Mugil cephalus","lca_global_v_local","Mugil cephalus"
"5","MiFish_0000495","Eukaryota","Chordata","Actinopteri","Mugiliformes","Mugilidae","Mugil","Mugil cephalus","KF374976.1","tax=d:Eukaryota,p:Chordata,c:Actinopteri,o:Mugiliformes,f:Mugilidae,g:Mugil,s:Mugil_cephalus",95.3,172,7,1,"CACCGCGGTTATACGAGTAGGCCCAAGTCGATAGCTTCCGGCGTAAAGAGTGGTTAAGTATCTTGATAGAACTAAAGCCGAACGCCCTCAAGACCGTTATACGTTTCCGAAGGTATGAAGCTCAACTACGAAAGTAACTTTAACTATATCTGATTCCACGAAAGCTGCGAAA","48193","Mugil cephalus",0.954022988505747,"Mugil cephalus",95.3,95.4,95.3,"Mugil cephalus","lca_global_v_local","Mugil cephalus"
"6","MiFish_0000488","Eukaryota","Chordata","Actinopteri","Perciformes","Serranidae","Epinephelus","Epinephelus analogus","OQ846586.1","tax=d:Eukaryota,p:Chordata,c:Actinopteri,o:Perciformes,f:Serranidae,g:Epinephelus,s:Epinephelus_analogus",95.9,169,7,0,"TACCGCGGTTATACGAGAGGCCCAAGTTGACAGGCTCCGGCGTAAAGCGTGGTTAAGGAACAACAAATACTAAAGCCGAACGCTTACTAGGCTGTTATACGCTTACGAAAGTAAGAAGCACACCCACGAAGGTGGCTTTACTCCACCTGAACCCACGAAAGCCAAGACA","1167616","Epinephelus bontoides",0.964497041420118,"Epinephelus analogus",95.9,96.4,95.9,"Epinephelus","lca_global_v_local","Epinephelus"
"7","MiFish_0000509","Eukaryota","Chordata","Actinopteri","Perciformes","Serranidae","Hyporthodus","Hyporthodus niphobles","OQ846232.1","tax=d:Eukaryota,p:Chordata,c:Actinopteri,o:Perciformes,f:Serranidae,g:Hyporthodus,s:Hyporthodus_niphobles",96.4,169,6,0,"TACCGCGGTTATACGAGAGGCTCAAGTTGACAGGTTCCGGCGTAAAGCGTGGTTAAGGGTAAATAAACACTAAAGCCGAACGCTTACTAGGCTGTTATACGTATCCGAAAGTAAGAAGCACAACCACGAAGGTGGCTTTACCTTACCTGATCCCACGAAAGCTAAGGCA","327774","Hyporthodus octofasciatus",0.976331360946746,"Hyporthodus niphobles",96.4,97.6,96.4,"Hyporthodus","lca_global_v_local","Hyporthodus"
"8","MiFish_0000545","Eukaryota","Chordata","Actinopteri","nan","Pomacentridae","Stegastes","Stegastes arcifrons","MW630253.1","tax=d:Eukaryota,p:Chordata,c:Actinopteri,o:nan,f:Pomacentridae,g:Stegastes,s:Stegastes_arcifrons",97.7,175,4,0,"CACCGCGGTTATACGAGAGGCCCAAGTTGACAGACACGGCGTAAAGAGTGGTTAGGCAACCCCCTTTCTACACACTAAAGTCGAACGCCCTCTAGGCTGTTATACGCTCTATGAAGGCAAGAAGCCCCACCACGAAAGTGACTTTATTCTACCTGACTCCACGAAAGCTAGGGAA","1350519","Stegastes arcifrons",0.982954545454545,"Stegastes arcifrons",97.7,98.3,97.7,"Stegastes arcifrons","lca_global_v_local","Stegastes arcifrons"
"9","MiFish_0000563","Eukaryota","Chordata","Actinopteri","Scombriformes","Scombridae","Katsuwonus","Katsuwonus pelamis","NC_005316.1","tax=d:Eukaryota,p:Chordata,c:Actinopteri,o:Scombriformes,f:Scombridae,g:Katsuwonus,s:Katsuwonus_pelamis",99.4,168,1,0,"CACCGCGGTTATACGAGAGGCCCAAGTTGACAGACACCGGCGTAAAGCGTGGTTAAGGTAAACTAAAACTAAAGCCGAACACCTTCAGGGCAGTTATACGCATCCGAAGGCACGAAGCCCCACCACGAAAGTGGCTTTATGACCCCTGACCCCACGAAAGCTATGACA","8228","Euthynnus alletteratus",1,"Katsuwonus pelamis",99.4,100,99.4,"Scombridae","lca_global_v_local","Scombridae"
"10","MiFish_0000564","Eukaryota","Chordata","Actinopteri","Holocentriformes","Holocentridae","Myripristis",NA,"NC_085253.1","tax=d:Eukaryota,p:Chordata,c:Actinopteri,o:Holocentriformes,f:Holocentridae,g:Myripristis,s:Myripristis_murdjan",95.9,171,7,0,"CACCGCGGTTATACGAGAGGTCCAAGTTGATAGAAACCGGCGTAAAGAGTGGTTAGGATGATTTCACTTTACTAAAGCCAAACACCTTCAGAACTGTTATACGTACCCGAAGGCATGAAGAACCACTACGAAAGTGGCTTTATAAACCCTGAACCCACGAAAGCTATGTCA","47699","Myripristis",0.965116279069768,"Myripristis",95.9,96.5,95.9,"Myripristis","lca_global_v_local","Myripristis"
"11","MiFish_0000619","Eukaryota","Chordata","Actinopteri","Acanthuriformes","Acanthuridae","Prionurus","Prionurus laticlavius","NC_057285.1","tax=d:Eukaryota,p:Chordata,c:Actinopteri,o:Acanthuriformes,f:Acanthuridae,g:Prionurus,s:Prionurus_laticlavius",97.6,170,4,0,"CACCGCGGTTATACGAGAGACCCAAGTTGTTAGACACCGGCGTAAAGAGTGGTTAGGTTTGAATCCTAAACTAAAGCCGAACATCTTCAAAGCTGTTATACGCACCCGAAGACAAGAAGTTCAATCACGAAAGTGGCTTTACCTCAACTGAACCCACGAAAGCTAGGATA","75035","Prionurus",0.976608187134503,"Prionurus laticlavius",97.6,97.7,97.6,"Prionurus","lca_global_v_local","Prionurus"
"12","MiFish_0000634","Eukaryota","Chordata","Actinopteri","Perciformes","Serranidae","Epinephelus","Epinephelus merra","NC_022509.1","tax=d:Eukaryota,p:Chordata,c:Actinopteri,o:Perciformes,f:Serranidae,g:Epinephelus,s:Epinephelus_merra",95.3,169,8,0,"TACCGCGGTTATACGAGAGGCCCAAGTTGACAGGCTCCGGCGTAAAGCGTGGTTAAGGAACAACAAATACTAAAGCCGAACGCTTACTAGGCTGTTATACGCTTACGAAAGTAAGAAGCACATCCACGAAGGTGGCTTTACTCCACCTGATCCCACGAAAGCCAAGACA","1167616","Epinephelus bontoides",0.964497041420118,"Epinephelus merra",95.3,96.4,95.3,"Epinephelus","lca_global_v_local","Epinephelus"
"13","MiFish_0000781","Eukaryota","Chordata","Actinopteri","Mugiliformes","Mugilidae","Mugil","Mugil thoburni","KF374984.1","tax=d:Eukaryota,p:Chordata,c:Actinopteri,o:Mugiliformes,f:Mugilidae,g:Mugil,s:Mugil_thoburni",97.6,170,3,1,"CACCGCGGTTATACGAGAGGCCCAAGTTGATAAGCCCGGCGTAAAGAGTGGTTAGGTAACTTAACAAACTAAAGCCGAACGCCCCCAAGGCTGTTATACGTGCTCGGAGGTATGAAGCCCAACTACGAAAGTGGCTTTAACTATATCTGAACCCACGAAAGCTGTGAAA","1229150","Mugil thoburni",0.976608187134503,"Mugil thoburni",97.6,97.7,97.6,"Mugil thoburni","lca_global_v_local","Mugil thoburni"
"14","MiFish_0000867","Eukaryota","Chordata","Actinopteri","Labriformes","Labridae","Scarus","Scarus rubroviolaceus","NC_011343.1","tax=d:Eukaryota,p:Chordata,c:Actinopteri,o:Labriformes,f:Labridae,g:Scarus,s:Scarus_rubroviolaceus",96.5,173,5,1,"CACCGCGGTTATACGAAAGGCCCAAGTTGAAAGACATTCGGCGTAAAGGGTGACTAAGGACCTATCTCAAACTAGAGCTGAATTTCTTCAAAGCTGTTATACGCTCATGAAAACTAGAAAATCGACCACGAAAGTGGCTCTAATCCCCCCCTGACACCACGAAAGCTATGACA","59660","Scarus",0.971098265895954,"Scarus rubroviolaceus",96.5,97.1,96.5,"Scarus","lca_global_v_local","Scarus"
"15","MiFish_0000947","Eukaryota","Chordata","Actinopteri","Lutjaniformes","Lutjanidae","Lutjanus","Lutjanus novemfasciatus","OQ846422.1","tax=d:Eukaryota,p:Chordata,c:Actinopteri,o:Lutjaniformes,f:Lutjanidae,g:Lutjanus,s:Lutjanus_novemfasciatus",96.4,169,6,0,"CACCGCGGTTATACGAGAGACCCAAGTTGATAGACACCGGCGTAAAGAGTGGTTAAGATTTATCCAACACTAAAGCCGAACGCCCTCAAAGCTGTTATACGCACCTGAGGGTAAGAAGCCCAACCACGAAAGTGGCTTTAAACTATCCGAATCCACGAAAGCTATGATA","211834","Lutjanus argentimaculatus",0.976331360946746,"Lutjanus novemfasciatus",96.4,97.6,96.4,"Lutjanus","lca_global_v_local","Lutjanus"
"16","MiFish_0000952","Eukaryota","Chordata","Actinopteri","Acanthuriformes","Acanthuridae","Prionurus","Prionurus laticlavius","NC_057285.1","tax=d:Eukaryota,p:Chordata,c:Actinopteri,o:Acanthuriformes,f:Acanthuridae,g:Prionurus,s:Prionurus_laticlavius",97.6,170,4,0,"CACCGCGGTTATACGAGAGACCCAAGTTGTTAGACACCGGCGTAAAGAGTGGTTAAGTTTGAATCTTAAACTAAAGCCGAACATCTTCAAAGCTGTTATACGCACCCGAAGACAAGAAGTTCAATCACGAAAGTGGCTTTACCTCAACTGAACCCACGAAAGCTAGGATA","1316015","Prionurus biafraensis",0.988235294117647,"Prionurus laticlavius",97.6,98.8,97.6,"Prionurus","lca_global_v_local","Prionurus"
"17","MiFish_0000945","Eukaryota","Chordata","Actinopteri","Perciformes","Serranidae","Epinephelus","Epinephelus merra","NC_022509.1","tax=d:Eukaryota,p:Chordata,c:Actinopteri,o:Perciformes,f:Serranidae,g:Epinephelus,s:Epinephelus_merra",95.3,169,8,0,"TACCGCGGTTATACGAGAGGCCCAAGTTGACAGGCTCCGGCGTAAAGCGTGGTTAAGGAACAACAAATACTAAAGCCGAACGCTTACTAGGCTGTTATACGCTTACGAGAGTAAGAAGCACATCCACGAAGGTGGCTTTACTCCACCTGAACCCACGAAAGCCAAGACA","1167616","Epinephelus bontoides",0.964497041420118,"Epinephelus merra",95.3,96.4,95.3,"Epinephelus","lca_global_v_local","Epinephelus"
"18","MiFish_0001021","Eukaryota","Chordata","Actinopteri","Perciformes","Serranidae","Epinephelus","Epinephelus analogus","OQ846586.1","tax=d:Eukaryota,p:Chordata,c:Actinopteri,o:Perciformes,f:Serranidae,g:Epinephelus,s:Epinephelus_analogus",95.9,169,7,0,"TACCGCGGTTATACGAGAGGCCCAAGTTGACAGGCTCCGGCGTAAAGCGTGGTTAAGGAACAACAAATACTAAAGCCGAACGCTTACTAGGCTGTTATACGCTTACGAAAGTAAGAAGCACATCCACGAAGGTGGCTTTACTCCGCCTGAACCCACGAAAGCCAAGACA","1167616","Epinephelus bontoides",0.970414201183432,"Epinephelus analogus",95.9,97,95.9,"Epinephelus","lca_global_v_local","Epinephelus"
"19","MiFish_0001046","Eukaryota","Chordata","Actinopteri","Perciformes","Serranidae","Hyporthodus","Hyporthodus niphobles","OQ846232.1","tax=d:Eukaryota,p:Chordata,c:Actinopteri,o:Perciformes,f:Serranidae,g:Hyporthodus,s:Hyporthodus_niphobles",95.9,169,7,0,"TACCGCGGTTATACGAGAGGCTCAAGTTGACAGGTTCCGGCGTAAAGCGTGGTTAAGGGTAAATAAACACTAAAGCCGAACGCCTACTAGGCTGTTATACGTATCCGAAAGTAAGAAGCACAACCACGAAGGTGGCTTTACCTTACCTGATCCCACGAAAGCTAAGGCA","327774","Hyporthodus octofasciatus",0.970414201183432,"Hyporthodus niphobles",95.9,97,95.9,"Hyporthodus","lca_global_v_local","Hyporthodus"
"20","MiFish_0001115","Eukaryota","Chordata","Actinopteri","Carangiformes","Carangidae","Caranx",NA,"NC_004406.1","tax=d:Eukaryota,p:Chordata,c:Actinopteri,o:Carangiformes,f:Carangidae,g:Caranx,s:Caranx_melampygus",97,169,5,0,"CACCGCGGTTATACGAGAGGCTCAAGTTGACAGACAACGGCGTAAAGCGTGGTTAAGGAAAATATGTAACTAAAGCGGAACCTCCTCCTAGCTGTTATACGCTTCCGAGGAAGTGAACCCCAACTACGAAAGTGGCTTTACCAAACCTGACCCCACGAAAGCTGAGACA","8158","Caranx",0.970588235294118,"Caranx",97,97.1,97,"Caranx","lca_global_v_local","Caranx"
"21","MiFish_0001166","Eukaryota","Chordata","Actinopteri","Perciformes","Serranidae","Epinephelus","Epinephelus merra","NC_022509.1","tax=d:Eukaryota,p:Chordata,c:Actinopteri,o:Perciformes,f:Serranidae,g:Epinephelus,s:Epinephelus_merra",95.3,169,8,0,"TACCGCGGTTATACGAGAGGCCCAAGTTGACAGGCTCCGGCGTAAAGCGTGGTTAAGGAACAACAAATACTAAAGCCGAACGCTTACTAGGCTGTTATACGCTTACGAAAATAAGAAGCACATCCACGAAGGTGGCTTTACTCCACCTGAACCCACGAAAGCCAAGACA","1167616","Epinephelus bontoides",0.964497041420118,"Epinephelus merra",95.3,96.4,95.3,"Epinephelus","lca_global_v_local","Epinephelus"
"22","MiFish_0001194","Eukaryota","Chordata","Actinopteri","nan","Pomacentridae","Abudefduf","Abudefduf saxatilis","MZ567031.1","tax=d:Eukaryota,p:Chordata,c:Actinopteri,o:nan,f:Pomacentridae,g:Abudefduf,s:Abudefduf_saxatilis",95.3,169,8,0,"CACCGCGGTTATACGAGAGGCTCAAGTTGACAGACAACGGCGTAAAGAGTGGTTAAGGAACTCCCCAAACTAAAGTCGAACGCCCTCAGAACTGTTATACGTTTCCGAAGGTAAGAAGCCCCACTACGAAAGTGACTTTATTTCCCCTGACTCCACGAAAGCTGCGAAA","36216","Abudefduf taurus",0.994082840236686,"Abudefduf saxatilis",95.3,99.4,95.3,"Abudefduf","lca_global_v_local","Abudefduf"
"23","MiFish_0001255","Eukaryota","Chordata","Actinopteri","nan","Pomacentridae","Abudefduf","Abudefduf troschelii","MW630237.1","tax=d:Eukaryota,p:Chordata,c:Actinopteri,o:nan,f:Pomacentridae,g:Abudefduf,s:Abudefduf_troschelii",96.4,169,5,1,"CACCGCGGTTATACGAGAGGCCCAAGTTGATAAGCCCGGCGTAAAGAGTGGTTAAGGAACTTATTAAACTAAAGCCGAACGCCCTCAGAACTGTTATACGTTTCCGAAGGTAAGAAGCCCCACCACGAAAGTGACTTTATTTTCCCCGACTCCACGAAAGCTGCGGAA","36213","Abudefduf",0.964705882352941,"Abudefduf troschelii",96.4,96.5,96.4,"Abudefduf","lca_global_v_local","Abudefduf"
"24","MiFish_0001293","Eukaryota","Chordata","Actinopteri","Perciformes","Serranidae","Epinephelus","Epinephelus analogus","OQ846586.1","tax=d:Eukaryota,p:Chordata,c:Actinopteri,o:Perciformes,f:Serranidae,g:Epinephelus,s:Epinephelus_analogus",95.3,169,8,0,"TACCGCGGTTATACGAGAGGCCCAAGTTGACAGGCTCCGGCGTAAAGCGTGGTTAAGGAACAACAAATACTAAAGCCGAACGCTTACTAGGCTGTTATACGCTTACGAAAGTAAGAAGCACATCCACGAAGGTGGCTTTACTCCGCCTGAATCCACGAAAGCCAAGACA","1167616","Epinephelus bontoides",0.964497041420118,"Epinephelus analogus",95.3,96.4,95.3,"Epinephelus","lca_global_v_local","Epinephelus"
"25","MiFish_0001291","Eukaryota","Chordata","Actinopteri","Holocentriformes","Holocentridae","Myripristis",NA,"NC_085253.1","tax=d:Eukaryota,p:Chordata,c:Actinopteri,o:Holocentriformes,f:Holocentridae,g:Myripristis,s:Myripristis_murdjan",95.3,171,8,0,"CACCGCGGTTATACGAGAGGTCCAAGTTGATAGAAACCGGCGTAAAGAGTGGTTAGGATGATTTCACTTTACTAAAGCCAAACACCTTCAGAACTGTTATACGTACCCGAAGGCATGAGGAACCACTACGAAAGTGGCTTTATAAACCCTGAACCCACGAAAGCTATGTCA","47699","Myripristis",0.959302325581395,"Myripristis",95.3,95.9,95.3,"Myripristis","lca_global_v_local","Myripristis"
"26","MiFish_0001323","Eukaryota","Chordata","Actinopteri","Perciformes","Serranidae","Epinephelus","Epinephelus merra","NC_022509.1","tax=d:Eukaryota,p:Chordata,c:Actinopteri,o:Perciformes,f:Serranidae,g:Epinephelus,s:Epinephelus_merra",95.3,169,8,0,"TACCGCGGTTATACGAGAGGCCCAAGTTGACAGGCTCCGGCGTAAAGCGTGGTTAAGGAACAACAAATACTAAAGCCGAACGCTTACTAGGCTGTTATACGCTCACGAAAGTAAGAAGCACATCCACGAAGGTGGCTTTACTCCACCTGAACCCACGAAAGCCAAGACA","1167616","Epinephelus bontoides",0.964497041420118,"Epinephelus merra",95.3,96.4,95.3,"Epinephelus","lca_global_v_local","Epinephelus"
